district,zone,districtcode,state,statecode
Nicobars,Green,AN_Nicobars,Andaman and Nicobar Islands,AN
North and Middle Andaman,Green,AN_North and Middle Andaman,Andaman and Nicobar Islands,AN
South Andaman,Red,AN_South Andaman,Andaman and Nicobar Islands,AN
Anantapur,Orange,AP_Anantapur,Andhra Pradesh,AP
Chittoor,Red,AP_Chittoor,Andhra Pradesh,AP
East Godavari,Orange,AP_East Godavari,Andhra Pradesh,AP
Guntur,Red,AP_Guntur,Andhra Pradesh,AP
Krishna,Red,AP_Krishna,Andhra Pradesh,AP
Kurnool,Red,AP_Kurnool,Andhra Pradesh,AP
Prakasam,Orange,AP_Prakasam,Andhra Pradesh,AP
S.P.S. Nellore,Red,AP_S.P.S. Nellore,Andhra Pradesh,AP
Srikakulam,Orange,AP_Srikakulam,Andhra Pradesh,AP
Visakhapatnam,Orange,AP_Visakhapatnam,Andhra Pradesh,AP
Vizianagaram,Orange,AP_Vizianagaram,Andhra Pradesh,AP
West Godavari,Orange,AP_West Godavari,Andhra Pradesh,AP
Y.S.R. Kadapa,Orange,AP_Y.S.R. Kadapa,Andhra Pradesh,AP
Anjaw,Green,AR_Anjaw,Arunachal Pradesh,AR
Changlang,Green,AR_Changlang,Arunachal Pradesh,AR
East Kameng,Green,AR_East Kameng,Arunachal Pradesh,AR
East Siang,Green,AR_East Siang,Arunachal Pradesh,AR
Kamle,Green,AR_Kamle,Arunachal Pradesh,AR
Kra Daadi,Green,AR_Kra Daadi,Arunachal Pradesh,AR
Kurung Kumey,Green,AR_Kurung Kumey,Arunachal Pradesh,AR
Lepa Rada,Green,AR_Lepa Rada,Arunachal Pradesh,AR
Lohit,Green,AR_Lohit,Arunachal Pradesh,AR
Longding,Green,AR_Longding,Arunachal Pradesh,AR
Lower Dibang Valley,Green,AR_Lower Dibang Valley,Arunachal Pradesh,AR
Lower Siang,Green,AR_Lower Siang,Arunachal Pradesh,AR
Lower Subansiri,Green,AR_Lower Subansiri,Arunachal Pradesh,AR
Namsai,Green,AR_Namsai,Arunachal Pradesh,AR
Pakke Kessang,Green,AR_Pakke Kessang,Arunachal Pradesh,AR
Papum Pare,Green,AR_Papum Pare,Arunachal Pradesh,AR
Shi Yomi,Green,AR_Shi Yomi,Arunachal Pradesh,AR
Siang,Green,AR_Siang,Arunachal Pradesh,AR
Tawang,Green,AR_Tawang,Arunachal Pradesh,AR
Tirap,Green,AR_Tirap,Arunachal Pradesh,AR
Upper Dibang Valley,Green,AR_Upper Dibang Valley,Arunachal Pradesh,AR
Upper Siang,Green,AR_Upper Siang,Arunachal Pradesh,AR
Upper Subansiri,Green,AR_Upper Subansiri,Arunachal Pradesh,AR
West Kameng,Green,AR_West Kameng,Arunachal Pradesh,AR
West Siang,Green,AR_West Siang,Arunachal Pradesh,AR
Baksa,Green,AS_Baksa,Assam,AS
Barpeta,Green,AS_Barpeta,Assam,AS
Biswanath,Green,AS_Biswanath,Assam,AS
Bongaigaon,Red,AS_Bongaigaon,Assam,AS
Cachar,Orange,AS_Cachar,Assam,AS
Charaideo,Green,AS_Charaideo,Assam,AS
Chirang,Green,AS_Chirang,Assam,AS
Darrang,Green,AS_Darrang,Assam,AS
Dhemaji,Green,AS_Dhemaji,Assam,AS
Dhubri,Orange,AS_Dhubri,Assam,AS
Dibrugarh,Green,AS_Dibrugarh,Assam,AS
Dima Hasao,Green,AS_Dima Hasao,Assam,AS
Goalpara,Orange,AS_Goalpara,Assam,AS
Golaghat,Green,AS_Golaghat,Assam,AS
Hailakandi,Green,AS_Hailakandi,Assam,AS
Hojai,Green,AS_Hojai,Assam,AS
Jorhat,Green,AS_Jorhat,Assam,AS
Kamrup,Green,AS_Kamrup,Assam,AS
Kamrup Metropolitan,Orange,AS_Kamrup Metropolitan,Assam,AS
Karbi Anglong,Green,AS_Karbi Anglong,Assam,AS
Karimganj,Green,AS_Karimganj,Assam,AS
Kokrajhar,Green,AS_Kokrajhar,Assam,AS
Lakhimpur,Green,AS_Lakhimpur,Assam,AS
Majuli,Green,AS_Majuli,Assam,AS
Morigaon,Orange,AS_Morigaon,Assam,AS
Nagaon,Green,AS_Nagaon,Assam,AS
Nalbari,Green,AS_Nalbari,Assam,AS
Sivasagar,Green,AS_Sivasagar,Assam,AS
Sonitpur,Green,AS_Sonitpur,Assam,AS
South Salmara Mankachar,Green,AS_South Salmara Mankachar,Assam,AS
Tinsukia,Green,AS_Tinsukia,Assam,AS
Udalguri,Green,AS_Udalguri,Assam,AS
West Karbi Anglong,Green,AS_West Karbi Anglong,Assam,AS
Araria,Green,BR_Araria,Bihar,BR
Arwal,Orange,BR_Arwal,Bihar,BR
Aurangabad,Orange,BR_Aurangabad,Bihar,BR
Banka,Orange,BR_Banka,Bihar,BR
Begusarai,Orange,BR_Begusarai,Bihar,BR
Bhagalpur,Orange,BR_Bhagalpur,Bihar,BR
Bhojpur,Orange,BR_Bhojpur,Bihar,BR
Buxar,Red,BR_Buxar,Bihar,BR
Darbhanga,Orange,BR_Darbhanga,Bihar,BR
East Champaran,Orange,BR_East Champaran,Bihar,BR
Gaya,Red,BR_Gaya,Bihar,BR
Gopalganj,Orange,BR_Gopalganj,Bihar,BR
Jamui,Green,BR_Jamui,Bihar,BR
Jehanabad,Orange,BR_Jehanabad,Bihar,BR
Kaimur,Orange,BR_Kaimur,Bihar,BR
Katihar,Orange,BR_Katihar,Bihar,BR
Khagaria,Orange,BR_Khagaria,Bihar,BR
Kishanganj,Orange,BR_Kishanganj,Bihar,BR
Lakhisarai,Orange,BR_Lakhisarai,Bihar,BR
Madhepura,Orange,BR_Madhepura,Bihar,BR
Madhubani,Orange,BR_Madhubani,Bihar,BR
Munger,Red,BR_Munger,Bihar,BR
Muzaffarpur,Orange,BR_Muzaffarpur,Bihar,BR
Nalanda,Orange,BR_Nalanda,Bihar,BR
Nawada,Orange,BR_Nawada,Bihar,BR
Patna,Red,BR_Patna,Bihar,BR
Purnia,Orange,BR_Purnia,Bihar,BR
Rohtas,Red,BR_Rohtas,Bihar,BR
Saharsa,Orange,BR_Saharsa,Bihar,BR
Samastipur,Orange,BR_Samastipur,Bihar,BR
Saran,Orange,BR_Saran,Bihar,BR
Sheikhpura,Orange,BR_Sheikhpura,Bihar,BR
Sheohar,Orange,BR_Sheohar,Bihar,BR
Sitamarhi,Green,BR_Sitamarhi,Bihar,BR
Siwan,Orange,BR_Siwan,Bihar,BR
Supaul,Orange,BR_Supaul,Bihar,BR
Vaishali,Orange,BR_Vaishali,Bihar,BR
West Champaran,Green,BR_West Champaran,Bihar,BR
Chandigarh,Red,CH_Chandigarh,Chandigarh,CH
Balod,Green,CT_Balod,Chhattisgarh,CT
Baloda Bazar,Green,CT_Baloda Bazar,Chhattisgarh,CT
Balrampur,Green,CT_Balrampur,Chhattisgarh,CT
Bametara,Green,CT_Bametara,Chhattisgarh,CT
Bastar,Green,CT_Bastar,Chhattisgarh,CT
Bijapur,Green,CT_Bijapur,Chhattisgarh,CT
Bilaspur,Green,CT_Bilaspur,Chhattisgarh,CT
Dakshin Bastar Dantewada,Green,CT_Dakshin Bastar Dantewada,Chhattisgarh,CT
Dhamtari,Green,CT_Dhamtari,Chhattisgarh,CT
Durg,Green,CT_Durg,Chhattisgarh,CT
Gariaband,Green,CT_Gariaband,Chhattisgarh,CT
Janjgir Champa,Green,CT_Janjgir Champa,Chhattisgarh,CT
Jashpur,Green,CT_Jashpur,Chhattisgarh,CT
Kabeerdham,Green,CT_Kabeerdham,Chhattisgarh,CT
Kondagaon,Green,CT_Kondagaon,Chhattisgarh,CT
Korba,Orange,CT_Korba,Chhattisgarh,CT
Koriya,Green,CT_Koriya,Chhattisgarh,CT
Mahasamund,Green,CT_Mahasamund,Chhattisgarh,CT
Mungeli,Green,CT_Mungeli,Chhattisgarh,CT
Narayanpur,Green,CT_Narayanpur,Chhattisgarh,CT
Raigarh,Green,CT_Raigarh,Chhattisgarh,CT
Raipur,Red,CT_Raipur,Chhattisgarh,CT
Rajnandgaon,Green,CT_Rajnandgaon,Chhattisgarh,CT
Sukma,Green,CT_Sukma,Chhattisgarh,CT
Surajpur,Green,CT_Surajpur,Chhattisgarh,CT
Surguja,Green,CT_Surguja,Chhattisgarh,CT
Uttar Bastar Kanker,Green,CT_Uttar Bastar Kanker,Chhattisgarh,CT
Central Delhi,Red,DL_Central Delhi,Delhi,DL
East Delhi,Red,DL_East Delhi,Delhi,DL
New Delhi,Red,DL_New Delhi,Delhi,DL
North Delhi,Red,DL_North Delhi,Delhi,DL
North East Delhi,Red,DL_North East Delhi,Delhi,DL
North West Delhi,Red,DL_North West Delhi,Delhi,DL
Shahdara,Red,DL_Shahdara,Delhi,DL
South Delhi,Red,DL_South Delhi,Delhi,DL
South East Delhi,Red,DL_South East Delhi,Delhi,DL
South West Delhi,Red,DL_South West Delhi,Delhi,DL
West Delhi,Red,DL_West Delhi,Delhi,DL
Dadra and Nagar Haveli,Orange,DN_Dadra and Nagar Haveli,Dadra and Nagar Haveli and Daman and Diu,DN
Daman,Green,DN_Daman,Dadra and Nagar Haveli and Daman and Diu,DN
Diu,Green,DN_Diu,Dadra and Nagar Haveli and Daman and Diu,DN
North Goa,Green,GA_North Goa,Goa,GA
South Goa,Green,GA_South Goa,Goa,GA
Ahmedabad,Red,GJ_Ahmedabad,Gujarat,GJ
Amreli,Green,GJ_Amreli,Gujarat,GJ
Anand,Red,GJ_Anand,Gujarat,GJ
Aravalli,Red,GJ_Aravalli,Gujarat,GJ
Banaskantha,Red,GJ_Banaskantha,Gujarat,GJ
Bharuch,Orange,GJ_Bharuch,Gujarat,GJ
Bhavnagar,Red,GJ_Bhavnagar,Gujarat,GJ
Botad,Orange,GJ_Botad,Gujarat,GJ
Chhota Udaipur,Orange,GJ_Chhota Udaipur,Gujarat,GJ
Dahod,Orange,GJ_Dahod,Gujarat,GJ
Dang,Orange,GJ_Dang,Gujarat,GJ
Devbhumi Dwarka,Orange,GJ_Devbhumi Dwarka,Gujarat,GJ
Gandhinagar,Red,GJ_Gandhinagar,Gujarat,GJ
Gir Somnath,Orange,GJ_Gir Somnath,Gujarat,GJ
Jamnagar,Orange,GJ_Jamnagar,Gujarat,GJ
Junagadh,Green,GJ_Junagadh,Gujarat,GJ
Kheda,Orange,GJ_Kheda,Gujarat,GJ
Kutch,Orange,GJ_Kutch,Gujarat,GJ
Mahisagar,Orange,GJ_Mahisagar,Gujarat,GJ
Mehsana,Orange,GJ_Mehsana,Gujarat,GJ
Morbi,Green,GJ_Morbi,Gujarat,GJ
Narmada,Orange,GJ_Narmada,Gujarat,GJ
Navsari,Orange,GJ_Navsari,Gujarat,GJ
Panchmahal,Red,GJ_Panchmahal,Gujarat,GJ
Patan,Orange,GJ_Patan,Gujarat,GJ
Porbandar,Green,GJ_Porbandar,Gujarat,GJ
Rajkot,Orange,GJ_Rajkot,Gujarat,GJ
Sabarkantha,Orange,GJ_Sabarkantha,Gujarat,GJ
Surat,Red,GJ_Surat,Gujarat,GJ
Surendranagar,Orange,GJ_Surendranagar,Gujarat,GJ
Tapi,Orange,GJ_Tapi,Gujarat,GJ
Vadodara,Red,GJ_Vadodara,Gujarat,GJ
Valsad,Orange,GJ_Valsad,Gujarat,GJ
Bilaspur,Green,HP_Bilaspur,Himachal Pradesh,HP
Chamba,Orange,HP_Chamba,Himachal Pradesh,HP
Hamirpur,Orange,HP_Hamirpur,Himachal Pradesh,HP
Kangra,Orange,HP_Kangra,Himachal Pradesh,HP
Kinnaur,Green,HP_Kinnaur,Himachal Pradesh,HP
Kullu,Green,HP_Kullu,Himachal Pradesh,HP
Lahaul and Spiti,Green,HP_Lahaul and Spiti,Himachal Pradesh,HP
Mandi,Green,HP_Mandi,Himachal Pradesh,HP
Shimla,Orange,HP_Shimla,Himachal Pradesh,HP
Sirmaur,Orange,HP_Sirmaur,Himachal Pradesh,HP
Solan,Orange,HP_Solan,Himachal Pradesh,HP
Una,Orange,HP_Una,Himachal Pradesh,HP
Ambala,Orange,HR_Ambala,Haryana,HR
Bhiwani,Orange,HR_Bhiwani,Haryana,HR
Charkhi Dadri,Orange,HR_Charkhi Dadri,Haryana,HR
Faridabad,Red,HR_Faridabad,Haryana,HR
Fatehabad,Orange,HR_Fatehabad,Haryana,HR
Gurugram,Orange,HR_Gurugram,Haryana,HR
Hisar,Orange,HR_Hisar,Haryana,HR
Jhajjar,Orange,HR_Jhajjar,Haryana,HR
Jind,Orange,HR_Jind,Haryana,HR
Kaithal,Orange,HR_Kaithal,Haryana,HR
Karnal,Orange,HR_Karnal,Haryana,HR
Kurukshetra,Orange,HR_Kurukshetra,Haryana,HR
Mahendragarh,Orange,HR_Mahendragarh,Haryana,HR
Nuh,Orange,HR_Nuh,Haryana,HR
Palwal,Orange,HR_Palwal,Haryana,HR
Panchkula,Orange,HR_Panchkula,Haryana,HR
Panipat,Orange,HR_Panipat,Haryana,HR
Rewari,Green,HR_Rewari,Haryana,HR
Rohtak,Orange,HR_Rohtak,Haryana,HR
Sirsa,Orange,HR_Sirsa,Haryana,HR
Sonipat,Red,HR_Sonipat,Haryana,HR
Yamunanagar,Orange,HR_Yamunanagar,Haryana,HR
Bokaro,Orange,JH_Bokaro,Jharkhand,JH
Chatra,Green,JH_Chatra,Jharkhand,JH
Deoghar,Orange,JH_Deoghar,Jharkhand,JH
Dhanbad,Orange,JH_Dhanbad,Jharkhand,JH
Dumka,Green,JH_Dumka,Jharkhand,JH
East Singhbhum,Green,JH_East Singhbhum,Jharkhand,JH
Garhwa,Orange,JH_Garhwa,Jharkhand,JH
Giridih,Orange,JH_Giridih,Jharkhand,JH
Godda,Green,JH_Godda,Jharkhand,JH
Gumla,Green,JH_Gumla,Jharkhand,JH
Hazaribagh,Orange,JH_Hazaribagh,Jharkhand,JH
Jamtara,Orange,JH_Jamtara,Jharkhand,JH
Khunti,Green,JH_Khunti,Jharkhand,JH
Koderma,Orange,JH_Koderma,Jharkhand,JH
Latehar,Green,JH_Latehar,Jharkhand,JH
Lohardaga,Green,JH_Lohardaga,Jharkhand,JH
Pakur,Green,JH_Pakur,Jharkhand,JH
Palamu,Orange,JH_Palamu,Jharkhand,JH
Ramgarh,Green,JH_Ramgarh,Jharkhand,JH
Ranchi,Red,JH_Ranchi,Jharkhand,JH
Sahibganj,Green,JH_Sahibganj,Jharkhand,JH
Saraikela-Kharsawan,Green,JH_Saraikela-Kharsawan,Jharkhand,JH
Simdega,Orange,JH_Simdega,Jharkhand,JH
West Singhbhum,Green,JH_West Singhbhum,Jharkhand,JH
Anantnag,Red,JK_Anantnag,Jammu and Kashmir,JK
Bandipora,Red,JK_Bandipora,Jammu and Kashmir,JK
Baramulla,Red,JK_Baramulla,Jammu and Kashmir,JK
Budgam,Red,JK_Budgam,Jammu and Kashmir,JK
Doda,Green,JK_Doda,Jammu and Kashmir,JK
Ganderbal,Red,JK_Ganderbal,Jammu and Kashmir,JK
Jammu,Red,JK_Jammu,Jammu and Kashmir,JK
Kathua,Red,JK_Kathua,Jammu and Kashmir,JK
Kishtwar,Green,JK_Kishtwar,Jammu and Kashmir,JK
Kulgam,Red,JK_Kulgam,Jammu and Kashmir,JK
Kupwara,Red,JK_Kupwara,Jammu and Kashmir,JK
Mirpur,null,JK_Mirpur,Jammu and Kashmir,JK
Muzaffarabad,null,JK_Muzaffarabad,Jammu and Kashmir,JK
Pulwama,Red,JK_Pulwama,Jammu and Kashmir,JK
Punch,Green,JK_Punch,Jammu and Kashmir,JK
Rajouri,Orange,JK_Rajouri,Jammu and Kashmir,JK
Ramban,Orange,JK_Ramban,Jammu and Kashmir,JK
Reasi,Orange,JK_Reasi,Jammu and Kashmir,JK
Samba,Red,JK_Samba,Jammu and Kashmir,JK
Shopiyan,Red,JK_Shopiyan,Jammu and Kashmir,JK
Srinagar,Red,JK_Srinagar,Jammu and Kashmir,JK
Udhampur,Orange,JK_Udhampur,Jammu and Kashmir,JK
Bagalkote,Orange,KA_Bagalkote,Karnataka,KA
Ballari,Orange,KA_Ballari,Karnataka,KA
Belagavi,Orange,KA_Belagavi,Karnataka,KA
Bengaluru Rural,Red,KA_Bengaluru Rural,Karnataka,KA
Bengaluru Urban,Red,KA_Bengaluru Urban,Karnataka,KA
Bidar,Orange,KA_Bidar,Karnataka,KA
Chamarajanagara,Green,KA_Chamarajanagara,Karnataka,KA
Chikkaballapura,Orange,KA_Chikkaballapura,Karnataka,KA
Chikkamagaluru,Green,KA_Chikkamagaluru,Karnataka,KA
Chitradurga,Orange,KA_Chitradurga,Karnataka,KA
Dakshina Kannada,Orange,KA_Dakshina Kannada,Karnataka,KA
Davanagere,Orange,KA_Davanagere,Karnataka,KA
Dharwad,Orange,KA_Dharwad,Karnataka,KA
Gadag,Orange,KA_Gadag,Karnataka,KA
Hassan,Green,KA_Hassan,Karnataka,KA
Haveri,Orange,KA_Haveri,Karnataka,KA
Kalaburagi,Orange,KA_Kalaburagi,Karnataka,KA
Kodagu,Green,KA_Kodagu,Karnataka,KA
Kolar,Green,KA_Kolar,Karnataka,KA
Koppal,Green,KA_Koppal,Karnataka,KA
Mandya,Orange,KA_Mandya,Karnataka,KA
Mysuru,Red,KA_Mysuru,Karnataka,KA
Raichur,Green,KA_Raichur,Karnataka,KA
Ramanagara,Green,KA_Ramanagara,Karnataka,KA
Shivamogga,Green,KA_Shivamogga,Karnataka,KA
Tumakuru,Orange,KA_Tumakuru,Karnataka,KA
Udupi,Green,KA_Udupi,Karnataka,KA
Uttara Kannada,Orange,KA_Uttara Kannada,Karnataka,KA
Vijayapura,Orange,KA_Vijayapura,Karnataka,KA
Yadgir,Green,KA_Yadgir,Karnataka,KA
Alappuzha,Green,KL_Alappuzha,Kerala,KL
Ernakulam,Green,KL_Ernakulam,Kerala,KL
Idukki,Orange,KL_Idukki,Kerala,KL
Kannur,Red,KL_Kannur,Kerala,KL
Kasaragod,Orange,KL_Kasaragod,Kerala,KL
Kollam,Orange,KL_Kollam,Kerala,KL
Kottayam,Red,KL_Kottayam,Kerala,KL
Kozhikode,Orange,KL_Kozhikode,Kerala,KL
Malappuram,Orange,KL_Malappuram,Kerala,KL
Palakkad,Orange,KL_Palakkad,Kerala,KL
Pathanamthitta,Orange,KL_Pathanamthitta,Kerala,KL
Thiruvananthapuram,Orange,KL_Thiruvananthapuram,Kerala,KL
Thrissur,Green,KL_Thrissur,Kerala,KL
Wayanad,Orange,KL_Wayanad,Kerala,KL
Kargil,Orange,LA_Kargil,Ladakh,LA
Leh,Orange,LA_Leh,Ladakh,LA
Lakshadweep,Green,LD_Lakshadweep,Lakshadweep,LD
Ahmednagar,Orange,MH_Ahmednagar,Maharashtra,MH
Akola,Red,MH_Akola,Maharashtra,MH
Amravati,Orange,MH_Amravati,Maharashtra,MH
Aurangabad,Red,MH_Aurangabad,Maharashtra,MH
Beed,Orange,MH_Beed,Maharashtra,MH
Bhandara,Orange,MH_Bhandara,Maharashtra,MH
Buldhana,Orange,MH_Buldhana,Maharashtra,MH
Chandrapur,Orange,MH_Chandrapur,Maharashtra,MH
Dhule,Red,MH_Dhule,Maharashtra,MH
Gadchiroli,Green,MH_Gadchiroli,Maharashtra,MH
Gondia,Green,MH_Gondia,Maharashtra,MH
Hingoli,Orange,MH_Hingoli,Maharashtra,MH
Jalgaon,Red,MH_Jalgaon,Maharashtra,MH
Jalna,Orange,MH_Jalna,Maharashtra,MH
Kolhapur,Orange,MH_Kolhapur,Maharashtra,MH
Latur,Orange,MH_Latur,Maharashtra,MH
Mumbai,Red,MH_Mumbai,Maharashtra,MH
Mumbai Suburban,Red,MH_Mumbai Suburban,Maharashtra,MH
Nagpur,Red,MH_Nagpur,Maharashtra,MH
Nanded,Orange,MH_Nanded,Maharashtra,MH
Nandurbar,Orange,MH_Nandurbar,Maharashtra,MH
Nashik,Red,MH_Nashik,Maharashtra,MH
Osmanabad,Green,MH_Osmanabad,Maharashtra,MH
Palghar,Red,MH_Palghar,Maharashtra,MH
Parbhani,Orange,MH_Parbhani,Maharashtra,MH
Pune,Red,MH_Pune,Maharashtra,MH
Raigad,Orange,MH_Raigad,Maharashtra,MH
Ratnagiri,Orange,MH_Ratnagiri,Maharashtra,MH
Sangli,Orange,MH_Sangli,Maharashtra,MH
Satara,Red,MH_Satara,Maharashtra,MH
Sindhudurg,Orange,MH_Sindhudurg,Maharashtra,MH
Solapur,Red,MH_Solapur,Maharashtra,MH
Thane,Red,MH_Thane,Maharashtra,MH
Wardha,Green,MH_Wardha,Maharashtra,MH
Washim,Green,MH_Washim,Maharashtra,MH
Yavatmal,Red,MH_Yavatmal,Maharashtra,MH
East Garo Hills,Green,ML_East Garo Hills,Meghalaya,ML
East Jaintia Hills,Green,ML_East Jaintia Hills,Meghalaya,ML
East Khasi Hills,Orange,ML_East Khasi Hills,Meghalaya,ML
North Garo Hills,Green,ML_North Garo Hills,Meghalaya,ML
Ribhoi,Green,ML_Ribhoi,Meghalaya,ML
South Garo Hills,Green,ML_South Garo Hills,Meghalaya,ML
South West Garo Hills,Green,ML_South West Garo Hills,Meghalaya,ML
South West Khasi Hills,Green,ML_South West Khasi Hills,Meghalaya,ML
West Garo Hills,Green,ML_West Garo Hills,Meghalaya,ML
West Jaintia Hills,Green,ML_West Jaintia Hills,Meghalaya,ML
West Khasi Hills,Green,ML_West Khasi Hills,Meghalaya,ML
Bishnupur,Green,MN_Bishnupur,Manipur,MN
Chandel,Green,MN_Chandel,Manipur,MN
Churachandpur,Green,MN_Churachandpur,Manipur,MN
Imphal East,Green,MN_Imphal East,Manipur,MN
Imphal West,Green,MN_Imphal West,Manipur,MN
Jiribam,Green,MN_Jiribam,Manipur,MN
Kakching,Green,MN_Kakching,Manipur,MN
Kamjong,Green,MN_Kamjong,Manipur,MN
Kangpokpi,Green,MN_Kangpokpi,Manipur,MN
Noney,Green,MN_Noney,Manipur,MN
Pherzawl,Green,MN_Pherzawl,Manipur,MN
Senapati,Green,MN_Senapati,Manipur,MN
Tamenglong,Green,MN_Tamenglong,Manipur,MN
Tengnoupal,Green,MN_Tengnoupal,Manipur,MN
Thoubal,Green,MN_Thoubal,Manipur,MN
Ukhrul,Green,MN_Ukhrul,Manipur,MN
Agar Malwa,Orange,MP_Agar Malwa,Madhya Pradesh,MP
Alirajpur,Orange,MP_Alirajpur,Madhya Pradesh,MP
Anuppur,Green,MP_Anuppur,Madhya Pradesh,MP
Ashoknagar,Green,MP_Ashoknagar,Madhya Pradesh,MP
Balaghat,Green,MP_Balaghat,Madhya Pradesh,MP
Barwani,Red,MP_Barwani,Madhya Pradesh,MP
Betul,Orange,MP_Betul,Madhya Pradesh,MP
Bhind,Green,MP_Bhind,Madhya Pradesh,MP
Bhopal,Red,MP_Bhopal,Madhya Pradesh,MP
Burhanpur,Orange,MP_Burhanpur,Madhya Pradesh,MP
Chhatarpur,Green,MP_Chhatarpur,Madhya Pradesh,MP
Chhindwara,Orange,MP_Chhindwara,Madhya Pradesh,MP
Damoh,Green,MP_Damoh,Madhya Pradesh,MP
Datia,Green,MP_Datia,Madhya Pradesh,MP
Dewas,Red,MP_Dewas,Madhya Pradesh,MP
Dhar,Red,MP_Dhar,Madhya Pradesh,MP
Dindori,Orange,MP_Dindori,Madhya Pradesh,MP
Guna,Orange,MP_Guna,Madhya Pradesh,MP
Gwalior,Red,MP_Gwalior,Madhya Pradesh,MP
Harda,Orange,MP_Harda,Madhya Pradesh,MP
Hoshangabad,Orange,MP_Hoshangabad,Madhya Pradesh,MP
Indore,Red,MP_Indore,Madhya Pradesh,MP
Jabalpur,Red,MP_Jabalpur,Madhya Pradesh,MP
Jhabua,Green,MP_Jhabua,Madhya Pradesh,MP
Katni,Green,MP_Katni,Madhya Pradesh,MP
Khandwa,Red,MP_Khandwa,Madhya Pradesh,MP
Khargone,Orange,MP_Khargone,Madhya Pradesh,MP
Mandla,Green,MP_Mandla,Madhya Pradesh,MP
Mandsaur,Orange,MP_Mandsaur,Madhya Pradesh,MP
Morena,Orange,MP_Morena,Madhya Pradesh,MP
Narsinghpur,Green,MP_Narsinghpur,Madhya Pradesh,MP
Neemuch,Orange,MP_Neemuch,Madhya Pradesh,MP
Niwari,Green,MP_Niwari,Madhya Pradesh,MP
Panna,Green,MP_Panna,Madhya Pradesh,MP
Raisen,Orange,MP_Raisen,Madhya Pradesh,MP
Rajgarh,Green,MP_Rajgarh,Madhya Pradesh,MP
Ratlam,Orange,MP_Ratlam,Madhya Pradesh,MP
Rewa,Green,MP_Rewa,Madhya Pradesh,MP
Sagar,Orange,MP_Sagar,Madhya Pradesh,MP
Satna,Green,MP_Satna,Madhya Pradesh,MP
Sehore,Orange,MP_Sehore,Madhya Pradesh,MP
Seoni,Green,MP_Seoni,Madhya Pradesh,MP
Shahdol,Orange,MP_Shahdol,Madhya Pradesh,MP
Shajapur,Orange,MP_Shajapur,Madhya Pradesh,MP
Sheopur,Orange,MP_Sheopur,Madhya Pradesh,MP
Shivpuri,Green,MP_Shivpuri,Madhya Pradesh,MP
Sidhi,Green,MP_Sidhi,Madhya Pradesh,MP
Singrauli,Green,MP_Singrauli,Madhya Pradesh,MP
Tikamgarh,Orange,MP_Tikamgarh,Madhya Pradesh,MP
Ujjain,Red,MP_Ujjain,Madhya Pradesh,MP
Umaria,Green,MP_Umaria,Madhya Pradesh,MP
Vidisha,Orange,MP_Vidisha,Madhya Pradesh,MP
Aizawl,Green,MZ_Aizawl,Mizoram,MZ
Champhai,Green,MZ_Champhai,Mizoram,MZ
Hnahthial,Green,MZ_Hnahthial,Mizoram,MZ
Khawzawl,Green,MZ_Khawzawl,Mizoram,MZ
Kolasib,Green,MZ_Kolasib,Mizoram,MZ
Lawngtlai,Green,MZ_Lawngtlai,Mizoram,MZ
Lunglei,Green,MZ_Lunglei,Mizoram,MZ
Mamit,Green,MZ_Mamit,Mizoram,MZ
Saiha,Green,MZ_Saiha,Mizoram,MZ
Saitual,Green,MZ_Saitual,Mizoram,MZ
Serchhip,Green,MZ_Serchhip,Mizoram,MZ
Dimapur,Green,NL_Dimapur,Nagaland,NL
Kiphire,Green,NL_Kiphire,Nagaland,NL
Kohima,Green,NL_Kohima,Nagaland,NL
Longleng,Green,NL_Longleng,Nagaland,NL
Mokokchung,Green,NL_Mokokchung,Nagaland,NL
Mon,Green,NL_Mon,Nagaland,NL
Peren,Green,NL_Peren,Nagaland,NL
Phek,Green,NL_Phek,Nagaland,NL
Tuensang,Green,NL_Tuensang,Nagaland,NL
Wokha,Green,NL_Wokha,Nagaland,NL
Zunheboto,Green,NL_Zunheboto,Nagaland,NL
Angul,Green,OR_Angul,Odisha,OR
Balangir,Orange,OR_Balangir,Odisha,OR
Balasore,Red,OR_Balasore,Odisha,OR
Bargarh,Green,OR_Bargarh,Odisha,OR
Bhadrak,Red,OR_Bhadrak,Odisha,OR
Boudh,Green,OR_Boudh,Odisha,OR
Cuttack,Green,OR_Cuttack,Odisha,OR
Deogarh,Orange,OR_Deogarh,Odisha,OR
Dhenkanal,Orange,OR_Dhenkanal,Odisha,OR
Gajapati,Green,OR_Gajapati,Odisha,OR
Ganjam,Red,OR_Ganjam,Odisha,OR
Jagatsinghpur,Orange,OR_Jagatsinghpur,Odisha,OR
Jajpur,Red,OR_Jajpur,Odisha,OR
Jharsuguda,Orange,OR_Jharsuguda,Odisha,OR
Kalahandi,Orange,OR_Kalahandi,Odisha,OR
Kandhamal,Green,OR_Kandhamal,Odisha,OR
Kendrapara,Orange,OR_Kendrapara,Odisha,OR
Kendujhar,Green,OR_Kendujhar,Odisha,OR
Khordha,Orange,OR_Khordha,Odisha,OR
Koraput,Orange,OR_Koraput,Odisha,OR
Malkangiri,Green,OR_Malkangiri,Odisha,OR
Mayurbhanj,Orange,OR_Mayurbhanj,Odisha,OR
Nabarangapur,Green,OR_Nabarangapur,Odisha,OR
Nayagarh,Orange,OR_Nayagarh,Odisha,OR
Nuapada,Green,OR_Nuapada,Odisha,OR
Puri,Green,OR_Puri,Odisha,OR
Rayagada,Green,OR_Rayagada,Odisha,OR
Sambalpur,Green,OR_Sambalpur,Odisha,OR
Subarnapur,Green,OR_Subarnapur,Odisha,OR
Sundargarh,Orange,OR_Sundargarh,Odisha,OR
Amritsar,Orange,PB_Amritsar,Punjab,PB
Barnala,Orange,PB_Barnala,Punjab,PB
Bathinda,Orange,PB_Bathinda,Punjab,PB
Faridkot,Orange,PB_Faridkot,Punjab,PB
Fatehgarh Sahib,Orange,PB_Fatehgarh Sahib,Punjab,PB
Fazilka,Green,PB_Fazilka,Punjab,PB
Ferozepur,Orange,PB_Ferozepur,Punjab,PB
Gurdaspur,Orange,PB_Gurdaspur,Punjab,PB
Hoshiarpur,Orange,PB_Hoshiarpur,Punjab,PB
Jalandhar,Red,PB_Jalandhar,Punjab,PB
Kapurthala,Orange,PB_Kapurthala,Punjab,PB
Ludhiana,Red,PB_Ludhiana,Punjab,PB
Mansa,Orange,PB_Mansa,Punjab,PB
Moga,Orange,PB_Moga,Punjab,PB
Pathankot,Orange,PB_Pathankot,Punjab,PB
Patiala,Red,PB_Patiala,Punjab,PB
Rupnagar,Green,PB_Rupnagar,Punjab,PB
S.A.S. Nagar,Orange,PB_S.A.S. Nagar,Punjab,PB
Sangrur,Orange,PB_Sangrur,Punjab,PB
Shahid Bhagat Singh Nagar,Orange,PB_Shahid Bhagat Singh Nagar,Punjab,PB
Sri Muktsar Sahib,Orange,PB_Sri Muktsar Sahib,Punjab,PB
Tarn Taran,Orange,PB_Tarn Taran,Punjab,PB
Karaikal,Green,PY_Karaikal,Puducherry,PY
Mahe,Green,PY_Mahe,Puducherry,PY
Puducherry,Orange,PY_Puducherry,Puducherry,PY
Yanam,Green,PY_Yanam,Puducherry,PY
Ajmer,Red,RJ_Ajmer,Rajasthan,RJ
Alwar,Orange,RJ_Alwar,Rajasthan,RJ
Banswara,Red,RJ_Banswara,Rajasthan,RJ
Baran,Green,RJ_Baran,Rajasthan,RJ
Barmer,Orange,RJ_Barmer,Rajasthan,RJ
Bharatpur,Red,RJ_Bharatpur,Rajasthan,RJ
Bhilwara,Orange,RJ_Bhilwara,Rajasthan,RJ
Bikaner,Orange,RJ_Bikaner,Rajasthan,RJ
Bundi,Green,RJ_Bundi,Rajasthan,RJ
Chittorgarh,Orange,RJ_Chittorgarh,Rajasthan,RJ
Churu,Orange,RJ_Churu,Rajasthan,RJ
Dausa,Orange,RJ_Dausa,Rajasthan,RJ
Dholpur,Orange,RJ_Dholpur,Rajasthan,RJ
Dungarpur,Orange,RJ_Dungarpur,Rajasthan,RJ
Ganganagar,Green,RJ_Ganganagar,Rajasthan,RJ
Hanumangarh,Orange,RJ_Hanumangarh,Rajasthan,RJ
Jaipur,Red,RJ_Jaipur,Rajasthan,RJ
Jaisalmer,Orange,RJ_Jaisalmer,Rajasthan,RJ
Jalore,Orange,RJ_Jalore,Rajasthan,RJ
Jhalawar,Red,RJ_Jhalawar,Rajasthan,RJ
Jhunjhunu,Orange,RJ_Jhunjhunu,Rajasthan,RJ
Jodhpur,Red,RJ_Jodhpur,Rajasthan,RJ
Karauli,Orange,RJ_Karauli,Rajasthan,RJ
Kota,Red,RJ_Kota,Rajasthan,RJ
Nagaur,Red,RJ_Nagaur,Rajasthan,RJ
Pali,Orange,RJ_Pali,Rajasthan,RJ
Pratapgarh,Green,RJ_Pratapgarh,Rajasthan,RJ
Rajsamand,Orange,RJ_Rajsamand,Rajasthan,RJ
Sawai Madhopur,Orange,RJ_Sawai Madhopur,Rajasthan,RJ
Sikar,Orange,RJ_Sikar,Rajasthan,RJ
Sirohi,Orange,RJ_Sirohi,Rajasthan,RJ
Tonk,Orange,RJ_Tonk,Rajasthan,RJ
Udaipur,Orange,RJ_Udaipur,Rajasthan,RJ
East District,Green,SK_East District,Sikkim,SK
North District,Green,SK_North District,Sikkim,SK
South District,Green,SK_South District,Sikkim,SK
West District,Green,SK_West District,Sikkim,SK
Adilabad,Orange,TG_Adilabad,Telangana,TG
Bhadradri Kothagudem,Green,TG_Bhadradri Kothagudem,Telangana,TG
Hyderabad,Red,TG_Hyderabad,Telangana,TG
Jagtial,Orange,TG_Jagtial,Telangana,TG
Jangaon,Orange,TG_Jangaon,Telangana,TG
Jayashankar Bhupalapally,Orange,TG_Jayashankar Bhupalapally,Telangana,TG
Jogulamba Gadwal,Orange,TG_Jogulamba Gadwal,Telangana,TG
KamaReddy,Orange,TG_KamaReddy,Telangana,TG
Karimnagar,Orange,TG_Karimnagar,Telangana,TG
Khammam,Orange,TG_Khammam,Telangana,TG
Komaram Bheem,Orange,TG_Komaram Bheem,Telangana,TG
Mahabubabad,Green,TG_Mahabubabad,Telangana,TG
Mahabubnagar,Orange,TG_Mahabubnagar,Telangana,TG
Mancherial,Orange,TG_Mancherial,Telangana,TG
Medak,Orange,TG_Medak,Telangana,TG
Medchal Malkajgiri,Red,TG_Medchal Malkajgiri,Telangana,TG
Mulugu,Green,TG_Mulugu,Telangana,TG
Nagarkurnool,Green,TG_Nagarkurnool,Telangana,TG
Nalgonda,Orange,TG_Nalgonda,Telangana,TG
Narayanpet,Orange,TG_Narayanpet,Telangana,TG
Nirmal,Orange,TG_Nirmal,Telangana,TG
Nizamabad,Orange,TG_Nizamabad,Telangana,TG
Peddapalli,Green,TG_Peddapalli,Telangana,TG
Rajanna Sircilla,Orange,TG_Rajanna Sircilla,Telangana,TG
Ranga Reddy,Red,TG_Ranga Reddy,Telangana,TG
SangaReddy,Orange,TG_SangaReddy,Telangana,TG
Siddipet,Green,TG_Siddipet,Telangana,TG
Suryapet,Red,TG_Suryapet,Telangana,TG
Vikarabad,Red,TG_Vikarabad,Telangana,TG
Wanaparthy,Green,TG_Wanaparthy,Telangana,TG
Warangal Rural,Green,TG_Warangal Rural,Telangana,TG
Warangal Urban,Red,TG_Warangal Urban,Telangana,TG
Yadadri Bhuvanagiri,Green,TG_Yadadri Bhuvanagiri,Telangana,TG
Ariyalur,Orange,TN_Ariyalur,Tamil Nadu,TN
Chengalpattu,Red,TN_Chengalpattu,Tamil Nadu,TN
Chennai,Red,TN_Chennai,Tamil Nadu,TN
Coimbatore,Orange,TN_Coimbatore,Tamil Nadu,TN
Cuddalore,Orange,TN_Cuddalore,Tamil Nadu,TN
Dharmapuri,Orange,TN_Dharmapuri,Tamil Nadu,TN
Dindigul,Orange,TN_Dindigul,Tamil Nadu,TN
Erode,Green,TN_Erode,Tamil Nadu,TN
Kallakurichi,Orange,TN_Kallakurichi,Tamil Nadu,TN
Kancheepuram,Red,TN_Kancheepuram,Tamil Nadu,TN
Kanyakumari,Orange,TN_Kanyakumari,Tamil Nadu,TN
Karur,Orange,TN_Karur,Tamil Nadu,TN
Krishnagiri,Orange,TN_Krishnagiri,Tamil Nadu,TN
Madurai,Red,TN_Madurai,Tamil Nadu,TN
Nagapattinam,Orange,TN_Nagapattinam,Tamil Nadu,TN
Namakkal,Red,TN_Namakkal,Tamil Nadu,TN
Nilgiris,Orange,TN_Nilgiris,Tamil Nadu,TN
Perambalur,Orange,TN_Perambalur,Tamil Nadu,TN
Pudukkottai,Orange,TN_Pudukkottai,Tamil Nadu,TN
Ramanathapuram,Orange,TN_Ramanathapuram,Tamil Nadu,TN
Ranipet,Red,TN_Ranipet,Tamil Nadu,TN
Salem,Orange,TN_Salem,Tamil Nadu,TN
Sivaganga,Orange,TN_Sivaganga,Tamil Nadu,TN
Tenkasi,Orange,TN_Tenkasi,Tamil Nadu,TN
Thanjavur,Red,TN_Thanjavur,Tamil Nadu,TN
Theni,Orange,TN_Theni,Tamil Nadu,TN
Thiruvallur,Red,TN_Thiruvallur,Tamil Nadu,TN
Thiruvarur,Red,TN_Thiruvarur,Tamil Nadu,TN
Thoothukkudi,Orange,TN_Thoothukkudi,Tamil Nadu,TN
Tiruchirappalli,Orange,TN_Tiruchirappalli,Tamil Nadu,TN
Tirunelveli,Orange,TN_Tirunelveli,Tamil Nadu,TN
Tirupathur,Orange,TN_Tirupathur,Tamil Nadu,TN
Tiruppur,Red,TN_Tiruppur,Tamil Nadu,TN
Tiruvannamalai,Orange,TN_Tiruvannamalai,Tamil Nadu,TN
Vellore,Red,TN_Vellore,Tamil Nadu,TN
Viluppuram,Orange,TN_Viluppuram,Tamil Nadu,TN
Virudhunagar,Red,TN_Virudhunagar,Tamil Nadu,TN
Dhalai,Red,TR_Dhalai,Tripura,TR
Gomati,Orange,TR_Gomati,Tripura,TR
Khowai,Green,TR_Khowai,Tripura,TR
North Tripura,Orange,TR_North Tripura,Tripura,TR
Sipahijala,Green,TR_Sipahijala,Tripura,TR
South Tripura,Green,TR_South Tripura,Tripura,TR
Unokoti,Green,TR_Unokoti,Tripura,TR
West Tripura,Green,TR_West Tripura,Tripura,TR
Agra,Red,UP_Agra,Uttar Pradesh,UP
Aligarh,Red,UP_Aligarh,Uttar Pradesh,UP
Ambedkar Nagar,Green,UP_Ambedkar Nagar,Uttar Pradesh,UP
Amethi,Orange,UP_Amethi,Uttar Pradesh,UP
Amroha,Red,UP_Amroha,Uttar Pradesh,UP
Auraiya,Orange,UP_Auraiya,Uttar Pradesh,UP
Ayodhya,Orange,UP_Ayodhya,Uttar Pradesh,UP
Azamgarh,Orange,UP_Azamgarh,Uttar Pradesh,UP
Baghpat,Orange,UP_Baghpat,Uttar Pradesh,UP
Bahraich,Orange,UP_Bahraich,Uttar Pradesh,UP
Ballia,Green,UP_Ballia,Uttar Pradesh,UP
Balrampur,Orange,UP_Balrampur,Uttar Pradesh,UP
Banda,Orange,UP_Banda,Uttar Pradesh,UP
Barabanki,Green,UP_Barabanki,Uttar Pradesh,UP
Bareilly,Red,UP_Bareilly,Uttar Pradesh,UP
Basti,Orange,UP_Basti,Uttar Pradesh,UP
Bhadohi,Orange,UP_Bhadohi,Uttar Pradesh,UP
Bijnor,Red,UP_Bijnor,Uttar Pradesh,UP
Budaun,Orange,UP_Budaun,Uttar Pradesh,UP
Bulandshahr,Red,UP_Bulandshahr,Uttar Pradesh,UP
Chandauli,Green,UP_Chandauli,Uttar Pradesh,UP
Chitrakoot,Green,UP_Chitrakoot,Uttar Pradesh,UP
Deoria,Orange,UP_Deoria,Uttar Pradesh,UP
Etah,Orange,UP_Etah,Uttar Pradesh,UP
Etawah,Orange,UP_Etawah,Uttar Pradesh,UP
Farrukhabad,Green,UP_Farrukhabad,Uttar Pradesh,UP
Fatehpur,Orange,UP_Fatehpur,Uttar Pradesh,UP
Firozabad,Red,UP_Firozabad,Uttar Pradesh,UP
Gautam Buddha Nagar,Red,UP_Gautam Buddha Nagar,Uttar Pradesh,UP
Ghaziabad,Orange,UP_Ghaziabad,Uttar Pradesh,UP
Ghazipur,Orange,UP_Ghazipur,Uttar Pradesh,UP
Gonda,Orange,UP_Gonda,Uttar Pradesh,UP
Gorakhpur,Orange,UP_Gorakhpur,Uttar Pradesh,UP
Hamirpur,Green,UP_Hamirpur,Uttar Pradesh,UP
Hapur,Orange,UP_Hapur,Uttar Pradesh,UP
Hardoi,Orange,UP_Hardoi,Uttar Pradesh,UP
Hathras,Orange,UP_Hathras,Uttar Pradesh,UP
Jalaun,Orange,UP_Jalaun,Uttar Pradesh,UP
Jaunpur,Orange,UP_Jaunpur,Uttar Pradesh,UP
Jhansi,Orange,UP_Jhansi,Uttar Pradesh,UP
Kannauj,Orange,UP_Kannauj,Uttar Pradesh,UP
Kanpur Dehat,Green,UP_Kanpur Dehat,Uttar Pradesh,UP
Kanpur Nagar,Red,UP_Kanpur Nagar,Uttar Pradesh,UP
Kasganj,Orange,UP_Kasganj,Uttar Pradesh,UP
Kaushambi,Orange,UP_Kaushambi,Uttar Pradesh,UP
Kushinagar,Green,UP_Kushinagar,Uttar Pradesh,UP
Lakhimpur Kheri,Green,UP_Lakhimpur Kheri,Uttar Pradesh,UP
Lalitpur,Green,UP_Lalitpur,Uttar Pradesh,UP
Lucknow,Red,UP_Lucknow,Uttar Pradesh,UP
Maharajganj,Green,UP_Maharajganj,Uttar Pradesh,UP
Mahoba,Green,UP_Mahoba,Uttar Pradesh,UP
Mainpuri,Orange,UP_Mainpuri,Uttar Pradesh,UP
Mathura,Red,UP_Mathura,Uttar Pradesh,UP
Mau,Orange,UP_Mau,Uttar Pradesh,UP
Meerut,Red,UP_Meerut,Uttar Pradesh,UP
Mirzapur,Orange,UP_Mirzapur,Uttar Pradesh,UP
Moradabad,Red,UP_Moradabad,Uttar Pradesh,UP
Muzaffarnagar,Red,UP_Muzaffarnagar,Uttar Pradesh,UP
Pilibhit,Orange,UP_Pilibhit,Uttar Pradesh,UP
Pratapgarh,Orange,UP_Pratapgarh,Uttar Pradesh,UP
Prayagraj,Orange,UP_Prayagraj,Uttar Pradesh,UP
Rae Bareli,Red,UP_Rae Bareli,Uttar Pradesh,UP
Rampur,Red,UP_Rampur,Uttar Pradesh,UP
Saharanpur,Red,UP_Saharanpur,Uttar Pradesh,UP
Sambhal,Orange,UP_Sambhal,Uttar Pradesh,UP
Sant Kabir Nagar,Red,UP_Sant Kabir Nagar,Uttar Pradesh,UP
Shahjahanpur,Green,UP_Shahjahanpur,Uttar Pradesh,UP
Shamli,Orange,UP_Shamli,Uttar Pradesh,UP
Shrawasti,Orange,UP_Shrawasti,Uttar Pradesh,UP
Siddharthnagar,Green,UP_Siddharthnagar,Uttar Pradesh,UP
Sitapur,Orange,UP_Sitapur,Uttar Pradesh,UP
Sonbhadra,Green,UP_Sonbhadra,Uttar Pradesh,UP
Sultanpur,Orange,UP_Sultanpur,Uttar Pradesh,UP
Unnao,Orange,UP_Unnao,Uttar Pradesh,UP
Varanasi,Red,UP_Varanasi,Uttar Pradesh,UP
Almora,Green,UT_Almora,Uttarakhand,UT
Bageshwar,Green,UT_Bageshwar,Uttarakhand,UT
Chamoli,Green,UT_Chamoli,Uttarakhand,UT
Champawat,Green,UT_Champawat,Uttarakhand,UT
Dehradun,Orange,UT_Dehradun,Uttarakhand,UT
Haridwar,Red,UT_Haridwar,Uttarakhand,UT
Nainital,Orange,UT_Nainital,Uttarakhand,UT
Pauri Garhwal,Green,UT_Pauri Garhwal,Uttarakhand,UT
Pithoragarh,Green,UT_Pithoragarh,Uttarakhand,UT
Rudraprayag,Green,UT_Rudraprayag,Uttarakhand,UT
Tehri Garhwal,Green,UT_Tehri Garhwal,Uttarakhand,UT
Udham Singh Nagar,Orange,UT_Udham Singh Nagar,Uttarakhand,UT
Uttarkashi,Green,UT_Uttarkashi,Uttarakhand,UT
Alipurduar,Green,WB_Alipurduar,West Bengal,WB
Bankura,Green,WB_Bankura,West Bengal,WB
Birbhum,Orange,WB_Birbhum,West Bengal,WB
Cooch Behar,Green,WB_Cooch Behar,West Bengal,WB
Dakshin Dinajpur,Green,WB_Dakshin Dinajpur,West Bengal,WB
Darjeeling,Orange,WB_Darjeeling,West Bengal,WB
Hooghly,Orange,WB_Hooghly,West Bengal,WB
Howrah,Red,WB_Howrah,West Bengal,WB
Jalpaiguri,Orange,WB_Jalpaiguri,West Bengal,WB
Jhargram,Green,WB_Jhargram,West Bengal,WB
Kalimpong,Orange,WB_Kalimpong,West Bengal,WB
Kolkata,Red,WB_Kolkata,West Bengal,WB
Malda,Orange,WB_Malda,West Bengal,WB
Murshidabad,Orange,WB_Murshidabad,West Bengal,WB
Nadia,Orange,WB_Nadia,West Bengal,WB
North Red4 Parganas,Red,WB_North Red4 Parganas,West Bengal,WB
Paschim Bardhaman,Orange,WB_Paschim Bardhaman,West Bengal,WB
Paschim Medinipur,Orange,WB_Paschim Medinipur,West Bengal,WB
Purba Bardhaman,Orange,WB_Purba Bardhaman,West Bengal,WB
Purba Medinipur,Red,WB_Purba Medinipur,West Bengal,WB
Purulia,Green,WB_Purulia,West Bengal,WB
South Red4 Parganas,Orange,WB_South Red4 Parganas,West Bengal,WB
Uttar Dinajpur,Green,WB_Uttar Dinajpur,West Bengal,WB
